{"loss": [1.3684316873550415, 0.43860626220703125, 0.2651694416999817, 0.18441517651081085, 0.1335853785276413, 0.1069653108716011, 0.0867164134979248, 0.07086626440286636, 0.06167327240109444, 0.05640954524278641], "accuracy": [0.5991749167442322, 0.8607582449913025, 0.9143040180206299, 0.9392275214195251, 0.9558005332946777, 0.9645209312438965, 0.9713208675384521, 0.9768404364585876, 0.9798705577850342, 0.9818052649497986], "val_loss": [0.4207845628261566, 0.31085774302482605, 0.17963425815105438, 0.15839911997318268, 0.21439163386821747, 0.16417287290096283, 0.14171157777309418, 0.10819966346025467, 0.14060825109481812, 0.12316221743822098], "val_accuracy": [0.8722968101501465, 0.8968244791030884, 0.9429774880409241, 0.948554515838623, 0.9329615235328674, 0.9503186941146851, 0.9592533707618713, 0.9665376543998718, 0.9602777361869812, 0.963862955570221]}